{"cameraMode":{"drawMode":0,"name":"Shaded","section":"Shading Mode"},"sceneLighting":true,"audioPlay":false,"sceneViewState":{"showFog":true,"showMaterialUpdate":false,"showSkybox":true,"showFlares":true,"showImageEffects":true,"showParticleSystems":true},"in2DMode":false,"pivot":{"x":3.0074024200439455,"y":0.47999998927116396,"z":-2.700000047683716},"rotation":{"x":0.27154484391212466,"y":0.4304616451263428,"z":-0.13756242394447328,"w":0.8497310280799866},"size":14.896342277526856,"orthographic":false}